Position,Symbol,Information
17,"G",2
18,"G",2
19,"A",2
20,"A",2
21,"T",2
22,"G",2
23,"G",2
24,"C",2
25,"A",2
26,"T",2
27,"C",2
28,"G",2
29,"G",2
30,"C",2
31,"G",2
32,"G",2
33,"G",2
34,"A",2
35,"T",2
36,"T",2
37,"A",2
38,"A",2
39,"A",2
40,"T",2
41,"G",2
42,"A",2
43,"C",2
44,"T",2
45,"G",2
46,"G",2
47,"A",2
48,"G",2
49,"C",2
50,"C",2
51,"C",2
52,"G",2
53,"T",2
54,"C",2
55,"G",2
56,"G",2
57,"T",2
58,"A",2
59,"G",2
60,"C",2
61,"G",2
62,"C",2
63,"A",2
64,"C",2
65,"C",2
66,"G",2
67,"A",2
68,"G",2
69,"T",2
70,"A",2
71,"C",2
72,"A",2
73,"A",2
74,"A",2
75,"C",2
76,"G",2
77,"A",2
78,"A",2
79,"C",2
80,"T",2
81,"G",2
82,"T",2
83,"T",2
84,"A",2
85,"A",2
86,"C",2
87,"A",2
88,"A",2
89,"C",2
90,"G",2
91,"T",2
92,"C",2
93,"C",2
94,"C",2
95,"T",0.0422282
96,"C",0.0422282
97,"C",0.0422282
98,"G",0.0422282
99,"G",0.0422282
100,"C",0.0422282
101,"A",0.0422282
102,"G",0.0422282
103,"T",0.0422282
104,"G",0.0213737
105,"C",0.0213737
106,"C",0.0213737
107,"T",0.0213737
108,"A",0.0213737
109,"G",0.0213737
110,"C",0.0213737
111,"A",0.0213737
112,"T",0.0213737
113,"T",0.0213737
114,"A",0.0213737
115,"C",0.0213737
116,"G",0.0143079
117,"G",0.0143079
118,"G",0.0143079
119,"C",0.0143079
120,"A",0.0143079
121,"A",0.0143079
122,"A",0.0143079
123,"T",0.0143079
124,"C",0.0143079
125,"T",0.0143079
126,"G",0.0143079
127,"G",0.0143079
128,"T",0.0143079
129,"T",0.0143079
130,"A",0.0143079
131,"T",0.0143079
132,"A",0.0143079
133,"C",0.0143079
134,"T",0.0143079
135,"C",0.0143079
136,"G",0.0143079
137,"T",0.0143079
138,"T",0.0143079
139,"G",0.0143079
140,"C",0.0143079
141,"G",0.0143079
142,"T",0.0143079
143,"G",0.0143079
144,"T",0.0143079
145,"A",0.0143079
146,"C",0.0143079
147,"T",0.0143079
148,"T",0.0143079
149,"A",0.0143079
150,"A",0.0143079
151,"C",0.0143079
152,"G",0.0143079
153,"G",0.0143079
154,"A",0.0143079
155,"T",0.0143079
156,"T",0.0143079
157,"A",0.0143079
158,"A",0.0143079
159,"G",0.0143079
160,"T",0.0143079
161,"T",0.0143079
162,"G",0.0143079
163,"G",0.0143079
164,"T",0.0143079
165,"T",0.0143079
166,"G",0.0143079
167,"A",0.0143079
168,"A",0.0143079
169,"A",0.0143079
170,"T",0.0143079
171,"G",0.0143079
172,"T",0.0143079
173,"C",0.0143079
174,"C",0.0143079
175,"C",0.0143079
176,"T",0.596876
177,"G",0.0213737
178,"A",0.0143079
179,"C",0.0143079
180,"G",0.0143079
181,"C",0.0143079
182,"T",0.0143079
183,"T",0.0143079
184,"G",0.0143079
185,"A",0.0143079
186,"G",0.0143079
187,"T",0.0143079
188,"A",0.0143079
189,"A",0.0143079
190,"A",0.0143079
191,"G",0.0143079
192,"A",0.010753
193,"G",0.010753
194,"C",0.0086131
195,"A",0.0086131
196,"C",0.0086131
197,"T",0.0086131
198,"G",0.0086131
199,"T",0.0086131
200,"T",0.0086131
201,"G",0.0086131
202,"A",0.0086131
203,"A",0.0086131
204,"T",0.0086131
205,"A",0.0086131
206,"G",0.0086131
207,"C",0.0086131
208,"G",0.0086131
209,"G",0.0086131
210,"T",0.0086131
211,"G",0.0086131
212,"A",0.0086131
213,"C",0.0071836
214,"A",0.0071836
215,"T",0.0071836
216,"A",0.0071836
217,"T",0.0071836
218,"A",0.0071836
219,"C",0.006161
220,"T",0.006161
221,"T",0.006161
222,"C",0.006161
223,"T",0.006161
224,"A",0.006161
225,"G",0.006161
226,"C",0.006161
227,"G",0.006161
228,"G",0.22821
229,"T",0.0071836
230,"C",0.0071836
231,"T",0.0071836
232,"A",0.0071836
233,"T",0.0071836
234,"G",0.0071836
235,"T",0.269738
236,"T",0.0071836
237,"C",0.269738
238,"C",0.0086131
239,"C",0.0086131
240,"C",0.0086131
241,"A",0.0071836
242,"G",0.0071836
243,"G",0.0071836
244,"C",0.0071836
245,"T",0.0071836
246,"T",0.0071836
247,"T",0.0071836
248,"C",0.0071836
249,"C",0.269738
250,"A",0.0086131
251,"G",0.0086131
252,"G",0.0086131
253,"G",0.269738
254,"T",0.0086131
255,"A",0.0086131
256,"A",0.0086131
257,"A",0.0086131
258,"A",0.0086131
259,"T",0.0086131
260,"T",0.0086131
261,"A",0.0086131
262,"T",0.0086131
263,"G",0.0086131
264,"G",0.0086131
265,"A",0.0086131
266,"G",0.0086131
267,"A",0.0086131
268,"T",0.0086131
269,"C",0.0086131
270,"A",0.0086131
271,"T",0.0071836
272,"A",0.0071836
273,"A",0.0071836
274,"T",0.0071836
275,"G",0.0071836
276,"T",0.0071836
277,"G",0.0071836
278,"A",0.0071836
279,"T",0.0071836
280,"G",0.0071836
281,"T",0.0071836
282,"A",0.0071836
283,"A",0.0071836
284,"G",0.006161
285,"C",0.006161
286,"A",0.006161
287,"G",0.006161
288,"A",0.006161
289,"A",0.006161
290,"C",0.0053933
291,"T",0.0053933
292,"T",0.0053933
293,"G",0.0053933
294,"G",0.0047957
295,"T",0.0047957
296,"T",0.0047957
297,"C",0.00431728
298,"C",0.00431728
299,"A",0.00431728
300,"C",0.00431728
301,"A",0.00392568
302,"T",0.00392568
303,"G",0.00392568
304,"T",0.141298
305,"G",0.00431728
306,"T",0.00431728
307,"C",0.00431728
308,"G",0.00392568
309,"C",0.00392568
310,"T",0.00392568
311,"T",0.141298
312,"A",0.00431728
313,"C",0.00431728
314,"G",0.00431728
315,"C",0.00431728
316,"G",0.00431728
317,"C",0.00431728
318,"G",0.00431728
319,"A",0.00431728
320,"T",0.00431728
321,"C",0.15616
322,"G",0.00431728
323,"T",0.00431728
324,"T",0.00431728
325,"C",0.15616
326,"C",0.0047957
327,"T",0.0047957
328,"C",0.0047957
329,"G",0.0047957
330,"T",0.0047957
331,"G",0.0047957
332,"T",0.0047957
333,"G",0.0047957
334,"C",0.0047957
335,"T",0.0047957
336,"C",0.0047957
337,"G",0.0047957
338,"T",0.0047957
339,"A",0.00431728
340,"T",0.00431728
341,"G",0.00431728
342,"C",0.00431728
343,"G",0.00431728
344,"A",0.00431728
345,"A",0.00431728
346,"C",0.15616
347,"G",0.0047957
348,"A",0.0047957
349,"T",0.0047957
350,"A",0.0047957
351,"G",0.0047957
352,"G",0.17452
353,"C",0.0053933
354,"T",0.0053933
355,"T",0.0053933
356,"G",0.0053933
357,"C",0.0053933
358,"C",0.0053933
359,"G",0.0053933
360,"C",0.0053933
361,"A",0.0053933
362,"C",0.0053933
363,"T",0.0053933
364,"C",0.0053933
365,"T",0.0053933
366,"C",0.0053933
367,"C",0.0053933
368,"T",0.0053933
369,"T",0.0053933
370,"C",0.0053933
371,"G",0.0053933
372,"T",0.197781
373,"T",0.006161
374,"C",0.22821
375,"G",0.0071836
376,"G",0.0071836
377,"G",0.0071836
378,"G",0.0071836
379,"A",0.0071836
380,"G",0.0071836
381,"C",0.0071836
382,"G",0.0071836
383,"C",0.0071836
384,"C",0.0071836
385,"T",0.0071836
386,"G",0.0071836
387,"G",0.0071836
388,"A",0.0071836
389,"G",0.0071836
390,"C",0.0071836
391,"G",0.0071836
392,"G",0.0071836
393,"C",0.0071836
394,"C",0.0071836
395,"C",0.0071836
396,"C",0.0071836
397,"T",0.0071836
398,"A",0.0071836
399,"T",0.0071836
400,"A",0.0071836
401,"T",0.0071836
402,"T",0.0071836
403,"A",0.0071836
404,"C",0.006161
405,"G",0.006161
406,"T",0.006161
407,"A",0.006161
408,"C",0.006161
409,"A",0.006161
410,"T",0.006161
411,"C",0.006161
412,"A",0.006161
413,"C",0.006161
414,"C",0.006161
415,"A",0.0053933
416,"A",0.0053933
417,"T",0.197781
418,"A",0.006161
419,"A",0.006161
420,"C",0.006161
421,"A",0.006161
422,"C",0.006161
423,"C",0.22821
424,"C",0.0071836
425,"C",0.269738
426,"G",0.0086131
427,"C",0.0086131
428,"A",0.329821
429,"G",0.010753
430,"T",0.010753
431,"T",0.424592
432,"G",0.0143079
433,"C",0.0143079
434,"A",0.0143079
435,"T",0.0143079
436,"G",0.0143079
437,"C",0.0143079
438,"T",0.0143079
439,"C",0.0143079
440,"G",0.0143079
441,"C",0.596876
442,"G",0.0213737
443,"G",0.0213737
444,"T",0.0213737
445,"A",0.0213737
446,"T",0.0213737
447,"A",0.0213737
448,"C",0.0213737
449,"A",0.0213737
450,"G",0.0213737
451,"G",0.0213737
452,"A",0.0213737
453,"T",0.0213737
454,"A",0.0213737
455,"T",0.0213737
456,"G",0.0213737
457,"G",0.0213737
458,"C",0.0213737
459,"T",0.0213737
460,"C",0.0213737
461,"A",0.0213737
462,"T",0.0213737
463,"A",0.0213737
464,"T",0.0213737
465,"A",0.0213737
466,"C",0.0213737
467,"C",0.0213737
468,"G",0.0143079
469,"C",0.0143079
470,"G",0.0143079
471,"C",0.0143079
472,"G",0.0143079
473,"T",0.0143079
474,"G",0.0143079
475,"C",0.0143079
476,"A",0.0143079
477,"T",0.0143079
478,"G",0.0143079
479,"A",0.0143079
480,"T",0.0143079
481,"A",0.0143079
482,"T",0.0143079
483,"T",0.0143079
484,"G",0.0143079
485,"T",0.010753
486,"A",0.0086131
487,"T",0.0071836
488,"A",0.0071836
489,"T",0.0071836
490,"A",0.0071836
491,"C",0.0071836
492,"G",0.006161
493,"A",0.006161
494,"T",0.006161
495,"A",0.006161
496,"T",0.006161
497,"G",0.006161
498,"A",0.006161
499,"C",0.006161
500,"A",0.006161
501,"T",0.006161
502,"G",0.006161
503,"T",0.006161
504,"C",0.006161
505,"C",0.006161
506,"T",0.006161
507,"G",0.006161
508,"A",0.0053933
509,"A",0.0053933
510,"C",0.0053933
511,"C",0.0053933
512,"C",0.0053933
513,"C",0.0053933
514,"T",0.0053933
515,"T",0.0053933
516,"G",0.0053933
517,"T",0.0053933
518,"T",0.0053933
519,"G",0.0053933
520,"A",0.0053933
521,"A",0.0053933
522,"C",0.0053933
523,"G",0.0053933
524,"A",0.0053933
525,"A",0.0053933
526,"A",0.0053933
527,"T",0.0053933
528,"T",0.0053933
529,"C",0.0053933
530,"T",0.0047957
531,"A",0.0047957
532,"C",0.0047957
533,"C",0.0047957
534,"C",0.0047957
535,"A",0.0047957
536,"T",0.0047957
537,"T",0.15616
538,"C",0.0047957
539,"A",0.0047957
540,"G",0.0047957
541,"T",0.0047957
542,"A",0.0047957
543,"G",0.0047957
544,"G",0.0047957
545,"C",0.0047957
546,"T",0.0047957
547,"T",0.0047957
548,"G",0.0047957
549,"C",0.17452
550,"A",0.0053933
551,"C",0.0053933
552,"G",0.0053933
553,"C",0.0053933
554,"T",0.0053933
555,"T",0.0053933
556,"T",0.0053933
557,"T",0.0053933
558,"T",0.0053933
559,"A",0.0053933
560,"T",0.0053933
561,"T",0.0053933
562,"C",0.0053933
563,"T",0.0053933
564,"T",0.0053933
565,"A",0.0053933
566,"T",0.0053933
567,"T",0.0053933
568,"C",0.0053933
569,"A",0.0053933
570,"C",0.0053933
571,"T",0.0053933
572,"A",0.197781
573,"T",0.006161
574,"A",0.006161
575,"T",0.006161
576,"T",0.006161
577,"G",0.006161
578,"C",0.006161
579,"T",0.006161
580,"A",0.006161
581,"A",0.006161
582,"T",0.006161
583,"G",0.006161
584,"G",0.006161
585,"C",0.006161
586,"G",0.006161
587,"G",0.006161
588,"T",0.006161
589,"G",0.006161
590,"T",0.0053933
591,"A",0.0053933
592,"T",0.0053933
593,"T",0.0053933
594,"G",0.0053933
595,"C",0.0053933
596,"T",0.0053933
597,"A",0.0053933
598,"C",0.0053933
599,"G",0.0053933
600,"A",0.0053933
601,"G",0.197781
602,"C",0.006161
603,"A",0.006161
604,"T",0.006161
605,"C",0.006161
606,"T",0.006161
607,"T",0.006161
608,"T",0.006161
609,"C",0.006161
610,"G",0.006161
611,"G",0.006161
612,"A",0.006161
613,"T",0.006161
614,"A",0.006161
615,"A",0.006161
616,"T",0.0053933
617,"G",0.197781
618,"G",0.006161
619,"T",0.22821
620,"T",0.269738
621,"C",0.0086131
622,"A",0.0086131
623,"C",0.0086131
624,"T",0.0086131
625,"T",0.329821
626,"G",0.010753
627,"C",0.010753
628,"A",0.010753
629,"C",0.010753
630,"T",0.010753
631,"C",0.010753
632,"T",0.010753
633,"T",0.0086131
634,"T",0.0086131
635,"G",0.0086131
636,"G",0.0086131
637,"G",0.0086131
638,"G",0.0086131
639,"A",0.0086131
640,"A",0.0086131
641,"T",0.329821
642,"A",0.010753
643,"A",0.010753
644,"A",0.010753
645,"A",0.010753
646,"A",0.010753
647,"A",0.010753
648,"G",0.010753
649,"C",0.010753
650,"T",0.010753
651,"C",0.010753
652,"G",0.010753
653,"A",0.010753
654,"C",0.010753
655,"T",0.010753
656,"G",0.010753
657,"T",0.010753
658,"G",0.010753
659,"A",0.010753
660,"A",0.424592
661,"T",0.0143079
662,"A",0.0143079
663,"T",0.0143079
664,"T",0.0143079
665,"C",0.0143079
666,"A",0.0143079
667,"G",0.0143079
668,"G",0.0143079
669,"G",0.0143079
670,"C",0.596876
671,"T",0.0213737
672,"A",0.0213737
673,"G",0.0213737
674,"A",0.0213737
675,"G",0.0213737
676,"G",0.0213737
677,"C",0.0213737
678,"C",0.0213737
679,"G",0.0143079
680,"G",0.0143079
681,"T",0.010753
682,"G",0.010753
683,"A",0.010753
684,"C",0.010753
685,"G",0.010753
686,"G",0.010753
687,"C",0.010753
688,"A",0.010753
689,"C",0.010753
690,"A",0.010753
691,"C",0.010753
692,"G",0.010753
693,"C",0.010753
694,"A",0.010753
695,"A",0.010753
696,"G",0.010753
697,"G",0.010753
698,"G",0.010753
699,"T",0.010753
700,"T",0.010753
701,"C",0.010753
702,"G",0.010753
703,"G",0.010753
704,"T",0.010753
705,"A",0.010753
706,"A",0.010753
707,"T",0.010753
708,"T",0.010753
709,"T",0.010753
710,"C",0.010753
711,"A",0.010753
712,"C",0.010753
713,"G",0.010753
714,"G",0.010753
715,"C",0.010753
716,"T",0.010753
717,"A",0.010753
718,"T",0.010753
719,"A",0.010753
720,"G",0.010753
721,"T",0.010753
722,"G",0.010753
723,"C",0.010753
724,"T",0.010753
725,"C",0.010753
726,"A",0.010753
727,"A",0.010753
728,"G",0.010753
729,"A",0.010753
730,"A",0.010753
731,"G",0.010753
732,"G",0.010753
733,"T",0.010753
734,"G",0.010753
735,"C",0.010753
736,"G",0.010753
737,"G",0.010753
738,"C",0.010753
739,"A",0.010753
740,"G",0.010753
741,"G",0.010753
742,"T",0.010753
743,"T",0.010753
744,"T",0.010753
745,"T",0.010753
746,"T",0.010753
747,"T",0.010753
748,"G",0.010753
749,"A",0.424592
750,"A",0.0143079
751,"A",0.0143079
752,"C",0.0143079
753,"A",0.0143079
754,"T",0.0143079
755,"A",0.0143079
756,"T",0.0143079
757,"G",0.0143079
758,"G",0.596876
759,"C",0.0213737
760,"A",0.0213737
761,"C",0.0213737
762,"G",0.0213737
763,"G",0.0213737
764,"T",0.0213737
765,"T",0.0213737
766,"T",0.0143079
767,"G",0.0143079
768,"C",0.010753
769,"A",0.010753
770,"T",0.010753
771,"A",0.010753
772,"A",0.010753
773,"T",0.010753
774,"A",0.010753
775,"C",0.010753
776,"G",0.010753
777,"A",0.010753
778,"C",0.010753
779,"T",0.010753
780,"G",0.010753
781,"T",0.010753
782,"C",0.010753
783,"G",0.010753
784,"T",0.010753
785,"T",0.010753
786,"A",0.010753
787,"T",0.010753
788,"C",0.010753
789,"A",0.010753
790,"G",0.010753
791,"A",0.010753
792,"T",0.010753
793,"G",0.010753
794,"G",0.010753
795,"T",0.010753
796,"G",0.010753
797,"T",0.010753
798,"G",0.010753
799,"G",0.010753
800,"A",0.010753
801,"G",0.010753
802,"A",0.010753
803,"C",0.010753
804,"C",0.010753
805,"A",0.010753
806,"G",0.010753
807,"C",0.010753
808,"G",0.010753
809,"A",0.010753
810,"A",0.010753
811,"A",0.010753
812,"G",0.424592
813,"C",0.0143079
814,"T",0.596876
815,"G",0.0213737
816,"A",0.0213737
817,"A",0.0213737
818,"T",0.0213737
819,"C",0.0213737
820,"G",0.0213737
821,"G",0.0213737
822,"G",0.0213737
823,"A",0.0213737
824,"A",0.0213737
825,"T",0.0213737
826,"T",0.0213737
827,"C",0.0143079
828,"C",0.0143079
829,"C",0.0143079
830,"G",0.0143079
831,"T",0.0143079
832,"G",0.0143079
833,"T",0.0143079
834,"A",0.0143079
835,"G",0.010753
836,"A",0.010753
837,"G",0.010753
838,"G",0.010753
839,"A",0.010753
840,"T",0.010753
841,"A",0.010753
842,"C",0.010753
843,"T",0.010753
844,"T",0.010753
845,"G",0.010753
846,"C",0.010753
847,"G",0.010753
848,"C",0.010753
849,"T",0.010753
850,"G",0.010753
851,"T",0.010753
852,"G",0.010753
853,"G",0.010753
854,"G",0.010753
855,"C",0.010753
856,"C",0.010753
857,"A",0.010753
858,"A",0.010753
859,"T",0.010753
860,"C",0.010753
861,"T",0.010753
862,"C",0.010753
863,"C",0.010753
864,"A",0.010753
865,"G",0.010753
866,"T",0.010753
867,"C",0.010753
868,"T",0.010753
869,"C",0.010753
870,"C",0.010753
871,"G",0.010753
872,"C",0.010753
873,"A",0.010753
874,"T",0.010753
875,"T",0.010753
876,"A",0.010753
877,"A",0.010753
878,"T",0.010753
879,"G",0.010753
880,"G",0.010753
881,"T",0.010753
882,"T",0.010753
883,"A",0.010753
884,"C",0.010753
885,"G",0.010753
886,"A",0.010753
887,"C",0.010753
888,"A",0.010753
889,"C",0.0086131
890,"A",0.0086131
891,"A",0.0086131
892,"G",0.0086131
893,"T",0.0086131
894,"G",0.0086131
895,"G",0.0086131
896,"G",0.0086131
897,"T",0.0086131
898,"C",0.0086131
899,"T",0.329821
900,"A",0.010753
901,"A",0.424592
902,"G",0.0143079
903,"C",0.0143079
904,"G",0.0143079
905,"A",0.0143079
906,"G",0.0143079
907,"A",0.0143079
908,"T",0.0143079
909,"C",0.0143079
910,"C",0.0143079
911,"T",0.0143079
912,"T",0.0143079
913,"G",0.0143079
914,"A",0.0143079
915,"A",0.0143079
916,"G",0.0143079
917,"A",0.0143079
918,"C",0.0143079
919,"T",0.0143079
920,"G",0.0143079
921,"G",0.0143079
922,"C",0.0143079
923,"T",0.0143079
924,"A",0.0143079
925,"T",0.0143079
926,"A",0.0143079
927,"C",0.0143079
928,"A",0.0143079
929,"C",0.0143079
930,"T",0.0143079
931,"C",0.0143079
932,"T",0.0143079
933,"G",0.0143079
934,"C",0.0143079
935,"A",0.0143079
936,"C",0.0143079
937,"A",0.0143079
938,"G",0.0143079
939,"T",0.0143079
940,"G",0.0143079
941,"T",0.0143079
942,"A",0.0143079
943,"C",0.596876
944,"T",0.0213737
945,"T",0.0213737
946,"A",0.0213737
947,"A",0.0213737
948,"G",0.0213737
949,"G",0.0213737
950,"T",0.0213737
951,"T",0.0213737
952,"G",0.0213737
953,"T",0.0213737
954,"T",0.0213737
955,"A",0.0213737
956,"G",0.0213737
957,"G",0.0213737
958,"C",0.0213737
959,"T",0.0213737
960,"A",1.01421
961,"A",0.0213737
962,"A",0.0213737
963,"C",0.0213737
964,"C",0.0213737
965,"T",0.0213737
966,"A",0.0213737
967,"A",0.0213737
968,"A",1.01421
969,"C",0.0422282
970,"T",0.0422282
971,"A",0.0422282
972,"C",0.0213737
973,"A",0.0213737
974,"G",0.0213737
975,"T",0.0143079
976,"T",0.010753
977,"C",0.010753
978,"A",0.010753
979,"A",0.010753
980,"A",0.010753
981,"C",0.010753
982,"G",0.010753
983,"G",0.010753
984,"A",0.010753
985,"A",0.010753
986,"G",0.010753
987,"G",0.010753
988,"C",0.010753
989,"G",0.0086131
990,"T",0.0086131
991,"T",0.0086131
992,"C",0.0086131
993,"A",0.0086131
994,"A",0.0086131
995,"C",0.0086131
996,"G",0.0086131
997,"G",0.0086131
998,"G",0.0086131
999,"T",0.0086131
1000,"C",0.0086131
1001,"T",0.0086131
1002,"C",0.0086131
1003,"C",0.0086131
1004,"G",0.0086131
1005,"A",0.0086131
1006,"C",0.0086131
1007,"C",0.0086131
1008,"T",0.0086131
1009,"G",0.0086131
1010,"G",0.0086131
1011,"T",0.0086131
1012,"G",0.0086131
1013,"C",0.0086131
1014,"G",0.0086131
1015,"T",0.0086131
1016,"T",0.0086131
1017,"C",0.0086131
1018,"G",0.0086131
1019,"C",0.0086131
1020,"C",0.0086131
1021,"T",0.0086131
1022,"C",0.0086131
1023,"G",0.329821
1024,"G",0.010753
1025,"C",0.010753
1026,"T",0.010753
1027,"T",0.010753
1028,"G",0.010753
1029,"G",0.010753
1030,"A",0.010753
1031,"C",0.010753
1032,"A",0.010753
1033,"T",0.010753
1034,"C",0.010753
1035,"C",0.010753
1036,"C",0.010753
1037,"A",0.010753
1038,"A",0.010753
1039,"A",0.010753
1040,"G",0.0086131
1041,"A",0.0086131
1042,"A",0.0086131
1043,"C",0.0086131
1044,"G",0.0086131
1045,"T",0.0086131
1046,"A",0.0086131
1047,"T",0.0086131
1048,"A",0.0086131
1049,"G",0.0086131
1050,"T",0.0086131
1051,"T",0.0086131
1052,"C",0.0086131
1053,"G",0.0086131
1054,"C",0.0086131
1055,"G",0.0086131
1056,"G",0.0086131
1057,"T",0.0086131
1058,"C",0.0086131
1059,"A",0.0086131
1060,"A",0.0086131
1061,"G",0.0086131
1062,"A",0.0086131
1063,"A",0.0086131
1064,"C",0.0086131
1065,"T",0.0071836
1066,"G",0.0071836
1067,"C",0.0071836
1068,"A",0.0071836
1069,"A",0.0071836
1070,"T",0.0071836
1071,"T",0.0071836
1072,"C",0.0071836
1073,"C",0.0071836
1074,"C",0.0071836
1075,"T",0.0071836
1076,"A",0.0071836
1077,"C",0.0071836
1078,"T",0.0071836
1079,"C",0.0071836
1080,"T",0.0071836
1081,"G",0.0071836
1082,"C",0.0071836
1083,"C",0.0071836
1084,"G",0.0071836
1085,"A",0.0071836
1086,"C",0.0071836
1087,"T",0.0071836
1088,"G",0.0071836
1089,"A",0.0071836
1090,"T",0.0071836
1091,"G",0.0071836
1092,"C",0.0071836
1093,"A",0.0071836
1094,"G",0.0071836
1095,"T",0.0071836
1096,"T",0.0071836
1097,"G",0.0071836
1098,"A",0.0071836
1099,"T",0.0071836
1100,"T",0.0071836
1101,"A",0.0071836
1102,"T",0.0071836
1103,"T",0.0071836
1104,"A",0.0071836
1105,"T",0.0071836
1106,"C",0.0071836
1107,"A",0.269738
1108,"G",0.329821
1109,"A",0.010753
1110,"G",0.424592
1111,"C",0.0143079
1112,"T",0.0143079
1113,"T",0.0143079
1114,"C",0.0143079
1115,"A",0.0143079
1116,"A",0.596876
1117,"C",0.0213737
1118,"A",0.0213737
1119,"A",0.0213737
1120,"C",0.0213737
1121,"G",0.0213737
1122,"T",1.01421
1123,"A",0.0422282
1124,"C",0.0422282
1125,"T",0.0422282
1126,"G",0.0422282
1127,"A",0.0422282
1128,"A",0.0422282
1129,"G",0.0422282
1130,"T",0.0422282
1131,"T",0.0422282
1132,"G",0.0422282
1133,"A",0.0422282
1134,"G",0.0213737
1135,"T",0.0213737
1136,"G",0.0213737
1137,"T",0.0213737
1138,"A",0.0213737
1139,"C",0.0213737
1140,"G",0.0213737
1141,"A",0.0213737
1142,"G",0.0213737
1143,"C",0.0213737
1144,"C",0.0213737
1145,"T",0.0213737
1146,"G",0.0213737
1147,"T",0.0213737
1148,"T",0.0213737
1149,"C",0.0213737
1150,"G",0.0213737
1151,"C",0.0213737
1152,"C",0.0213737
1153,"G",0.0213737
1154,"T",0.0213737
1155,"C",0.0213737
1156,"T",0.0213737
1157,"G",0.0213737
1158,"C",0.0213737
1159,"T",0.0213737
1160,"G",0.0213737
1161,"C",0.0213737
1162,"A",0.0213737
1163,"A",0.0213737
1164,"G",0.0213737
1165,"G",0.0213737
1166,"G",0.0213737
1167,"A",0.0213737
1168,"A",0.0213737
1169,"T",0.0213737
1170,"T",0.0213737
1171,"C",0.0213737
1172,"A",0.0213737
1173,"C",1.01421
1174,"C",0.0422282
1175,"G",0.0422282
1176,"C",0.0422282
1177,"A",0.0422282
1178,"A",0.0422282
1179,"A",0.0422282
1180,"G",0.0422282
1181,"A",0.0422282
1182,"C",0.0422282
1183,"T",0.0422282
1184,"A",0.0422282
1185,"G",0.0422282
1186,"G",0.0422282
1187,"G",0.0422282
1188,"A",0.0422282
1189,"G",0.0422282
1190,"C",0.0422282
1191,"C",0.0422282
1192,"C",0.0422282
1193,"C",0.0422282
1194,"C",0.0422282
1195,"G",0.0422282
1196,"G",0.0422282
1197,"A",0.0422282
1198,"G",0.0422282
1199,"C",0.0422282
1200,"G",0.0422282
1201,"G",2
1202,"A",2
1203,"A",2
1204,"G",2
1205,"G",2
1206,"C",2
1207,"G",2
1208,"G",2
1209,"A",2
1210,"G",2
1211,"A",2
1212,"G",2
1213,"C",2
1214,"A",2
1215,"C",2
1216,"G",2
1217,"C",2
1218,"A",2
1219,"G",2
1220,"G",2
1221,"A",2
1222,"A",2
1223,"C",2
1224,"G",2
1225,"A",2
1226,"A",2
1227,"G",2
1228,"T",2
1229,"A",2
1230,"G",2
1231,"G",2
1232,"T",2
1233,"A",2
1234,"C",2
1235,"T",2
1236,"G",2
1237,"C",2
1238,"A",2
1239,"A",2
